{"metadata":{"asset_id":"d25d8380-2065-454b-b56f-c5418a069709","asset_attributes":["data_asset"],"name":"bank.csv","asset_type":"data_asset","created_at":"2021-12-03T13:14:57Z","description":"","origin_country":"us","owner_id":"IBMid-662002UWMN","project_id":"a445f6e9-5d68-493f-8fa5-5e99ff6968f7","size":918960,"tags":[],"usage":{"last_update_time":1638537299989,"last_updated_at":"2021-12-03T13:14:59Z"}},"entity":{"data_asset":{"mime_type":"text/csv","dataset":false}},"attachments":[{"id":"ca4b1490-ed71-4c47-ae75-f8ae1581fede","version":2,"asset_type":"data_asset","name":"bank.csv","mime":"text/csv","datasource_type":"193a97c1-4475-4a19-b90c-295c4fdc6517","object_key":"bank.csv","creator_id":"IBMid-662002UWMN","create_time":1638537299988,"size":918960,"is_remote":false,"is_managed":false,"is_referenced":true,"is_object_key_read_only":true,"is_user_provided_path_key":true,"transfer_complete":true,"is_partitioned":false,"complete_time_ticks":1638537299988,"user_data":{},"test_doc":0,"handle":{"bucket":"bankanalysis-donotdelete-pr-azihgsvxp1k156","location":"us-geo","key":"bank.csv","upload_id":"done","max_part_num":1},"usage":{"access_count":0,"last_accessor_id":"IBMid-662002UWMN","last_access_time":1638537299988}}]}
