{"metadata":{"asset_id":"96ee60d0-f3ff-40cc-bae4-bc2ffbe55745","asset_attributes":["data_asset"],"name":"diabetes.csv","asset_type":"data_asset","created_at":"2021-12-01T13:33:23Z","description":"","origin_country":"us","owner_id":"IBMid-662002UWMN","project_id":"a1ce05a7-792f-4af4-9b5b-80ca5e755ad9","size":25412,"tags":[],"usage":{"last_update_time":1638365604488,"last_updated_at":"2021-12-01T13:33:24Z"}},"entity":{"data_asset":{"mime_type":"text/csv","dataset":false}},"attachments":[{"id":"a16b9f87-75fb-43ed-affc-17839ac9fe4c","version":2,"asset_type":"data_asset","name":"diabetes.csv","mime":"text/csv","datasource_type":"193a97c1-4475-4a19-b90c-295c4fdc6517","object_key":"diabetes.csv","creator_id":"IBMid-662002UWMN","create_time":1638365604488,"size":25412,"is_remote":false,"is_managed":false,"is_referenced":true,"is_object_key_read_only":true,"is_user_provided_path_key":true,"transfer_complete":true,"is_partitioned":false,"complete_time_ticks":1638365604488,"user_data":{},"test_doc":0,"handle":{"bucket":"diabeties-donotdelete-pr-kgfpvb6ssotvyq","location":"us-geo","key":"diabetes.csv","upload_id":"done","max_part_num":1},"usage":{"access_count":0,"last_accessor_id":"IBMid-662002UWMN","last_access_time":1638365604488}}]}
