{"metadata":{"asset_id":"52b20d37-2ad6-4365-8a17-42f1c6241bc5","asset_attributes":["data_asset"],"name":"challengers.csv","asset_type":"data_asset","created_at":"2021-11-30T13:07:27Z","description":"","origin_country":"us","owner_id":"IBMid-662002UWMN","project_id":"92622f35-30ad-4e28-acc3-9cf9fed0b04d","size":388,"tags":[],"usage":{"last_update_time":1638277648357,"last_updated_at":"2021-11-30T13:07:28Z"}},"entity":{"data_asset":{"mime_type":"text/csv","dataset":false}},"attachments":[{"id":"0e383fa2-dbcc-472e-8b78-9c7faf3f9e24","version":2,"asset_type":"data_asset","name":"challengers.csv","mime":"text/csv","datasource_type":"193a97c1-4475-4a19-b90c-295c4fdc6517","object_key":"challengers.csv","creator_id":"IBMid-662002UWMN","create_time":1638277648356,"size":388,"is_remote":false,"is_managed":false,"is_referenced":true,"is_object_key_read_only":true,"is_user_provided_path_key":true,"transfer_complete":true,"is_partitioned":false,"complete_time_ticks":1638277648356,"user_data":{},"test_doc":0,"handle":{"bucket":"spaceshuttlelaunch-donotdelete-pr-ifqxyuztvwkw7s","location":"us-geo","key":"challengers.csv","upload_id":"done","max_part_num":1},"usage":{"access_count":0,"last_accessor_id":"IBMid-662002UWMN","last_access_time":1638277648356}}]}
