{"metadata":{"asset_id":"0ec2702a-1d2e-42a0-a70c-f20dd7172346","asset_attributes":["wml_model","modelfacts_system","modelfacts_user"],"name":"Temp Vs. O_ring_failure","asset_type":"wml_model","created_at":"2021-11-30T13:55:32Z","description":"","origin_country":"us","owner_id":"IBMid-662002UWMN","project_id":"92622f35-30ad-4e28-acc3-9cf9fed0b04d","sandbox_id":"92622f35-30ad-4e28-acc3-9cf9fed0b04d","size":14227,"tags":[],"usage":{"last_update_time":1638280536825,"last_updated_at":"2021-11-30T13:55:36Z"}},"entity":{"wml_model":{"software_spec":{"base_id":"687eddc9-028a-4117-b9dd-e57b36f1efa5","name":"spss-modeler_18.2"},"ml_version":"4.0.12","type":"spss-modeler_18.2","schemas":{"input":[{"fields":[{"metadata":{},"name":"o_ring_ct","nullable":true,"type":"integer"},{"metadata":{},"name":"o_ring_failures","nullable":true,"type":"integer"},{"metadata":{},"name":"temperature","nullable":true,"type":"integer"},{"metadata":{},"name":"pressure","nullable":true,"type":"integer"},{"metadata":{},"name":"launch_id","nullable":true,"type":"integer"}],"id":"challengers.csv","name":"challengers.csv","type":"struct"}],"output":[{"fields":[{"metadata":{},"name":"o_ring_ct","nullable":true,"type":"integer"},{"metadata":{},"name":"o_ring_failures","nullable":true,"type":"integer"},{"metadata":{},"name":"temperature","nullable":true,"type":"integer"},{"metadata":{},"name":"pressure","nullable":true,"type":"integer"},{"metadata":{},"name":"launch_id","nullable":true,"type":"integer"},{"metadata":{},"name":"Partition","nullable":true,"type":"string"}],"id":"id1TEVY8Q6X8G","name":"o_ring_failures","type":"struct"}]}},"modelfacts_system":{"model_information":{"model_type":"spss-modeler_18.2","input_type":"","algorithm":"","prediction_type":"","software_spec":"spss-modeler_18.2","software_spec_id":"687eddc9-028a-4117-b9dd-e57b36f1efa5"},"training_information":{"project_name":"Space Shuttle Launch","training_data_references":[],"hyper_parameters":"","hybrid_pipeline":[],"features":5}},"modelfacts_user":{}},"attachments":[{"id":"7996f190-4fb6-42c9-97d6-77a09c4ba412","version":2,"asset_type":"wml_model","datasource_type":"193a97c1-4475-4a19-b90c-295c4fdc6517","creator_id":"IBMid-662002UWMN","create_time":1638280534286,"size":14227,"is_remote":false,"is_managed":true,"is_referenced":false,"is_object_key_read_only":false,"is_user_provided_path_key":false,"transfer_complete":true,"is_partitioned":false,"complete_time_ticks":1638280536650,"user_data":{"content_format":"native"},"test_doc":0,"handle":{"bucket":"spaceshuttlelaunch-donotdelete-pr-ifqxyuztvwkw7s","location":"us-geo","type":"bluemix_cos","key":"79152543-88a6-474f-b34b-4842dd1f4028/0ec2702a-1d2e-42a0-a70c-f20dd7172346/7996f190-4fb6-42c9-97d6-77a09c4ba412","upload_id":"done","max_part_num":1},"usage":{"access_count":0,"last_accessor_id":"IBMid-662002UWMN","last_access_time":1638280534286}}]}
