{"metadata":{"asset_id":"ca7fa392-1d22-4e90-bc48-373a8691dbaf","asset_attributes":["data_asset"],"name":"Mall_Customers.csv","asset_type":"data_asset","created_at":"2021-12-07T14:05:26Z","description":"","origin_country":"us","owner_id":"IBMid-662002UWMN","project_id":"61ed222e-b6d6-40a6-8565-e9b97cf6335d","size":3981,"tags":[],"usage":{"last_update_time":1638885927553,"last_updated_at":"2021-12-07T14:05:27Z"}},"entity":{"data_asset":{"mime_type":"text/csv","dataset":false}},"attachments":[{"id":"e9011a5c-b722-47a1-971c-81b7764a5e3b","version":2,"asset_type":"data_asset","name":"Mall_Customers.csv","mime":"text/csv","datasource_type":"193a97c1-4475-4a19-b90c-295c4fdc6517","object_key":"Mall_Customers.csv","creator_id":"IBMid-662002UWMN","create_time":1638885927552,"size":3981,"is_remote":false,"is_managed":false,"is_referenced":true,"is_object_key_read_only":true,"is_user_provided_path_key":true,"transfer_complete":true,"is_partitioned":false,"complete_time_ticks":1638885927552,"user_data":{},"test_doc":0,"handle":{"bucket":"segmentationofmallcustomers-donotdelete-pr-aeaa2yao6m7dpj","location":"us-geo","key":"Mall_Customers.csv","upload_id":"done","max_part_num":1},"usage":{"access_count":0,"last_accessor_id":"IBMid-662002UWMN","last_access_time":1638885927552}}]}
