{"metadata":{"asset_id":"fc7a4069-f8bb-4704-8e99-1035c97ea248","asset_attributes":["data_asset"],"name":"insurance .csv","asset_type":"data_asset","created_at":"2021-12-09T13:22:43Z","description":"","origin_country":"us","owner_id":"IBMid-662002UWMN","project_id":"860e95d9-37aa-4ae8-95d8-3a5ceef57f1f","size":55628,"tags":[],"usage":{"last_update_time":1639056164734,"last_updated_at":"2021-12-09T13:22:44Z"}},"entity":{"data_asset":{"mime_type":"text/csv","dataset":false}},"attachments":[{"id":"a4fac73f-4dfa-476c-af32-2b3eb070c98a","version":2,"asset_type":"data_asset","name":"insurance .csv","mime":"text/csv","datasource_type":"193a97c1-4475-4a19-b90c-295c4fdc6517","object_key":"insurance .csv","creator_id":"IBMid-662002UWMN","create_time":1639056164733,"size":55628,"is_remote":false,"is_managed":false,"is_referenced":true,"is_object_key_read_only":true,"is_user_provided_path_key":true,"transfer_complete":true,"is_partitioned":false,"complete_time_ticks":1639056164733,"user_data":{},"test_doc":0,"handle":{"bucket":"insurance-donotdelete-pr-39ju4atesccm5t","location":"us-geo","key":"insurance .csv","upload_id":"done","max_part_num":1},"usage":{"access_count":0,"last_accessor_id":"IBMid-662002UWMN","last_access_time":1639056164733}}]}
